<annotation>
  <folder>to_annotate</folder>
  <filename>deisolated_sean_IMG_20210604_104640</filename>
  <path>G:\Git\Lazuli-Cross\app\data\facemask\to_annotate\deisolated_sean_IMG_20210604_104640.jpg</path>
  <source>
    <database>Unknown</database>
  </source>
  <size>
    <width>3748</width>
    <height>1968</height>
    <depth>1</depth>
  </size>
  <segmented>0</segmented>
  <object>
    <name>High GSM</name>
    <pose>Unspecified</pose>
    <truncated>0</truncated>
    <difficult>0</difficult>
    <bndbox>
      <xmin>913</xmin>
      <ymin>248</ymin>
      <xmax>3446</xmax>
      <ymax>1675</ymax>
    </bndbox>
  </object>
</annotation>
