<annotation>
  <folder>to_annotate</folder>
  <filename>deisolated_clyde_IMG_2683</filename>
  <path>G:\Git\Lazuli-Cross\app\data\facemask\to_annotate\deisolated_clyde_IMG_2683.jpg</path>
  <source>
    <database>Unknown</database>
  </source>
  <size>
    <width>3468</width>
    <height>3024</height>
    <depth>1</depth>
  </size>
  <segmented>0</segmented>
  <object>
    <name>High GSM</name>
    <pose>Unspecified</pose>
    <truncated>0</truncated>
    <difficult>0</difficult>
    <bndbox>
      <xmin>379</xmin>
      <ymin>71</ymin>
      <xmax>2894</xmax>
      <ymax>1062</ymax>
    </bndbox>
  </object>
  <object>
    <name>High GSM</name>
    <pose>Unspecified</pose>
    <truncated>0</truncated>
    <difficult>0</difficult>
    <bndbox>
      <xmin>829</xmin>
      <ymin>1280</ymin>
      <xmax>2857</xmax>
      <ymax>3021</ymax>
    </bndbox>
  </object>
</annotation>
