<annotation>
  <folder>to_annotate</folder>
  <filename>deisolated_clyde_IMG_2666</filename>
  <path>G:\Git\Lazuli-Cross\app\data\facemask\to_annotate\deisolated_clyde_IMG_2666.jpg</path>
  <source>
    <database>Unknown</database>
  </source>
  <size>
    <width>3600</width>
    <height>3024</height>
    <depth>1</depth>
  </size>
  <segmented>0</segmented>
  <object>
    <name>High GSM</name>
    <pose>Unspecified</pose>
    <truncated>0</truncated>
    <difficult>0</difficult>
    <bndbox>
      <xmin>2229</xmin>
      <ymin>427</ymin>
      <xmax>3185</xmax>
      <ymax>1058</ymax>
    </bndbox>
  </object>
  <object>
    <name>High GSM</name>
    <pose>Unspecified</pose>
    <truncated>0</truncated>
    <difficult>0</difficult>
    <bndbox>
      <xmin>1073</xmin>
      <ymin>2149</ymin>
      <xmax>1383</xmax>
      <ymax>3024</ymax>
    </bndbox>
  </object>
  <object>
    <name>High GSM</name>
    <pose>Unspecified</pose>
    <truncated>0</truncated>
    <difficult>0</difficult>
    <bndbox>
      <xmin>342</xmin>
      <ymin>1696</ymin>
      <xmax>889</xmax>
      <ymax>3024</ymax>
    </bndbox>
  </object>
  <object>
    <name>High GSM</name>
    <pose>Unspecified</pose>
    <truncated>0</truncated>
    <difficult>0</difficult>
    <bndbox>
      <xmin>582</xmin>
      <ymin>458</ymin>
      <xmax>1023</xmax>
      <ymax>1174</ymax>
    </bndbox>
  </object>
  <object>
    <name>Undefined Area</name>
    <pose>Unspecified</pose>
    <truncated>0</truncated>
    <difficult>0</difficult>
    <bndbox>
      <xmin>134</xmin>
      <ymin>1</ymin>
      <xmax>526</xmax>
      <ymax>743</ymax>
    </bndbox>
  </object>
  <object>
    <name>High GSM</name>
    <pose>Unspecified</pose>
    <truncated>0</truncated>
    <difficult>0</difficult>
    <bndbox>
      <xmin>2726</xmin>
      <ymin>2068</ymin>
      <xmax>2967</xmax>
      <ymax>2580</ymax>
    </bndbox>
  </object>
  <object>
    <name>High GSM</name>
    <pose>Unspecified</pose>
    <truncated>0</truncated>
    <difficult>0</difficult>
    <bndbox>
      <xmin>1626</xmin>
      <ymin>1421</ymin>
      <xmax>2126</xmax>
      <ymax>2643</ymax>
    </bndbox>
  </object>
</annotation>
