<annotation>
  <folder>to_annotate</folder>
  <filename>deisolated_julian_IMG_20210604_164004</filename>
  <path>G:\Git\Lazuli-Cross\app\data\facemask\to_annotate\deisolated_julian_IMG_20210604_164004.jpg</path>
  <source>
    <database>Unknown</database>
  </source>
  <size>
    <width>2076</width>
    <height>2140</height>
    <depth>1</depth>
  </size>
  <segmented>0</segmented>
  <object>
    <name>Low GSM</name>
    <pose>Unspecified</pose>
    <truncated>0</truncated>
    <difficult>0</difficult>
    <bndbox>
      <xmin>1388</xmin>
      <ymin>758</ymin>
      <xmax>1783</xmax>
      <ymax>1556</ymax>
    </bndbox>
  </object>
</annotation>
