<annotation>
  <folder>to_annotate</folder>
  <filename>deisolated_yorika_IMG_20210603_134958</filename>
  <path>G:\Git\Lazuli-Cross\app\data\facemask\to_annotate\deisolated_yorika_IMG_20210603_134958.jpg</path>
  <source>
    <database>Unknown</database>
  </source>
  <size>
    <width>2292</width>
    <height>1894</height>
    <depth>1</depth>
  </size>
  <segmented>0</segmented>
  <object>
    <name>Low GSM</name>
    <pose>Unspecified</pose>
    <truncated>0</truncated>
    <difficult>0</difficult>
    <bndbox>
      <xmin>943</xmin>
      <ymin>521</ymin>
      <xmax>1862</xmax>
      <ymax>1856</ymax>
    </bndbox>
  </object>
</annotation>
