<annotation>
  <folder>to_annotate</folder>
  <filename>deisolated_julian_IMG_20210604_164329</filename>
  <path>G:\Git\Lazuli-Cross\app\data\facemask\to_annotate\deisolated_julian_IMG_20210604_164329.jpg</path>
  <source>
    <database>Unknown</database>
  </source>
  <size>
    <width>1716</width>
    <height>2920</height>
    <depth>1</depth>
  </size>
  <segmented>0</segmented>
  <object>
    <name>Low GSM</name>
    <pose>Unspecified</pose>
    <truncated>0</truncated>
    <difficult>0</difficult>
    <bndbox>
      <xmin>408</xmin>
      <ymin>305</ymin>
      <xmax>1520</xmax>
      <ymax>2520</ymax>
    </bndbox>
  </object>
</annotation>
