<annotation>
  <folder>to_annotate</folder>
  <filename>deisolated_sean_IMG_20210604_105438</filename>
  <path>G:\Git\Lazuli-Cross\app\data\facemask\to_annotate\deisolated_sean_IMG_20210604_105438.jpg</path>
  <source>
    <database>Unknown</database>
  </source>
  <size>
    <width>1632</width>
    <height>4144</height>
    <depth>1</depth>
  </size>
  <segmented>0</segmented>
  <object>
    <name>High GSM</name>
    <pose>Unspecified</pose>
    <truncated>0</truncated>
    <difficult>0</difficult>
    <bndbox>
      <xmin>244</xmin>
      <ymin>606</ymin>
      <xmax>1309</xmax>
      <ymax>4071</ymax>
    </bndbox>
  </object>
</annotation>
