<annotation>
  <folder>to_annotate</folder>
  <filename>deisolated_clyde_IMG_2681</filename>
  <path>G:\Git\Lazuli-Cross\app\data\facemask\to_annotate\deisolated_clyde_IMG_2681.jpg</path>
  <source>
    <database>Unknown</database>
  </source>
  <size>
    <width>2480</width>
    <height>1568</height>
    <depth>1</depth>
  </size>
  <segmented>0</segmented>
  <object>
    <name>Undefined Area</name>
    <pose>Unspecified</pose>
    <truncated>0</truncated>
    <difficult>0</difficult>
    <bndbox>
      <xmin>2097</xmin>
      <ymin>971</ymin>
      <xmax>2477</xmax>
      <ymax>1568</ymax>
    </bndbox>
  </object>
  <object>
    <name>High GSM</name>
    <pose>Unspecified</pose>
    <truncated>0</truncated>
    <difficult>0</difficult>
    <bndbox>
      <xmin>1327</xmin>
      <ymin>830</ymin>
      <xmax>1534</xmax>
      <ymax>1332</ymax>
    </bndbox>
  </object>
  <object>
    <name>High GSM</name>
    <pose>Unspecified</pose>
    <truncated>0</truncated>
    <difficult>0</difficult>
    <bndbox>
      <xmin>1643</xmin>
      <ymin>998</ymin>
      <xmax>2019</xmax>
      <ymax>1568</ymax>
    </bndbox>
  </object>
</annotation>
