<annotation>
  <folder>to_annotate</folder>
  <filename>deisolated_yorika_IMG_20210603_134943</filename>
  <path>G:\Git\Lazuli-Cross\app\data\facemask\to_annotate\deisolated_yorika_IMG_20210603_134943.jpg</path>
  <source>
    <database>Unknown</database>
  </source>
  <size>
    <width>2148</width>
    <height>3478</height>
    <depth>1</depth>
  </size>
  <segmented>0</segmented>
  <object>
    <name>Low GSM</name>
    <pose>Unspecified</pose>
    <truncated>0</truncated>
    <difficult>0</difficult>
    <bndbox>
      <xmin>372</xmin>
      <ymin>592</ymin>
      <xmax>1547</xmax>
      <ymax>2967</ymax>
    </bndbox>
  </object>
  <object>
    <name>Undefined Area</name>
    <pose>Unspecified</pose>
    <truncated>0</truncated>
    <difficult>0</difficult>
    <bndbox>
      <xmin>1400</xmin>
      <ymin>3</ymin>
      <xmax>1911</xmax>
      <ymax>503</ymax>
    </bndbox>
  </object>
</annotation>
