<annotation>
  <folder>to_annotate</folder>
  <filename>deisolated_sean_IMG_20210604_104931</filename>
  <path>G:\Git\Lazuli-Cross\app\data\facemask\to_annotate\deisolated_sean_IMG_20210604_104931.jpg</path>
  <source>
    <database>Unknown</database>
  </source>
  <size>
    <width>1728</width>
    <height>4144</height>
    <depth>1</depth>
  </size>
  <segmented>0</segmented>
  <object>
    <name>High GSM</name>
    <pose>Unspecified</pose>
    <truncated>0</truncated>
    <difficult>0</difficult>
    <bndbox>
      <xmin>53</xmin>
      <ymin>1641</ymin>
      <xmax>1161</xmax>
      <ymax>2176</ymax>
    </bndbox>
  </object>
  <object>
    <name>High GSM</name>
    <pose>Unspecified</pose>
    <truncated>0</truncated>
    <difficult>0</difficult>
    <bndbox>
      <xmin>561</xmin>
      <ymin>606</ymin>
      <xmax>979</xmax>
      <ymax>1867</ymax>
    </bndbox>
  </object>
  <object>
    <name>High GSM</name>
    <pose>Unspecified</pose>
    <truncated>0</truncated>
    <difficult>0</difficult>
    <bndbox>
      <xmin>587</xmin>
      <ymin>1941</ymin>
      <xmax>1474</xmax>
      <ymax>3206</ymax>
    </bndbox>
  </object>
</annotation>
