<annotation>
  <folder>to_annotate</folder>
  <filename>deisolated_clyde_IMG_2663</filename>
  <path>G:\Git\Lazuli-Cross\app\data\facemask\to_annotate\deisolated_clyde_IMG_2663.jpg</path>
  <source>
    <database>Unknown</database>
  </source>
  <size>
    <width>3480</width>
    <height>2904</height>
    <depth>1</depth>
  </size>
  <segmented>0</segmented>
  <object>
    <name>High GSM</name>
    <pose>Unspecified</pose>
    <truncated>0</truncated>
    <difficult>0</difficult>
    <bndbox>
      <xmin>414</xmin>
      <ymin>503</ymin>
      <xmax>2735</xmax>
      <ymax>2891</ymax>
    </bndbox>
  </object>
</annotation>
