<annotation>
  <folder>to_annotate</folder>
  <filename>deisolated_clyde_IMG_2672</filename>
  <path>G:\Git\Lazuli-Cross\app\data\facemask\to_annotate\deisolated_clyde_IMG_2672.jpg</path>
  <source>
    <database>Unknown</database>
  </source>
  <size>
    <width>3060</width>
    <height>2028</height>
    <depth>1</depth>
  </size>
  <segmented>0</segmented>
  <object>
    <name>High GSM</name>
    <pose>Unspecified</pose>
    <truncated>0</truncated>
    <difficult>0</difficult>
    <bndbox>
      <xmin>1301</xmin>
      <ymin>1107</ymin>
      <xmax>1898</xmax>
      <ymax>1400</ymax>
    </bndbox>
  </object>
  <object>
    <name>High GSM</name>
    <pose>Unspecified</pose>
    <truncated>0</truncated>
    <difficult>0</difficult>
    <bndbox>
      <xmin>1770</xmin>
      <ymin>296</ymin>
      <xmax>2223</xmax>
      <ymax>654</ymax>
    </bndbox>
  </object>
  <object>
    <name>High GSM</name>
    <pose>Unspecified</pose>
    <truncated>0</truncated>
    <difficult>0</difficult>
    <bndbox>
      <xmin>945</xmin>
      <ymin>1354</ymin>
      <xmax>1725</xmax>
      <ymax>1831</ymax>
    </bndbox>
  </object>
</annotation>
