<annotation>
  <folder>to_annotate</folder>
  <filename>deisolated_julian_IMG_20210604_163954</filename>
  <path>G:\Git\Lazuli-Cross\app\data\facemask\to_annotate\deisolated_julian_IMG_20210604_163954.jpg</path>
  <source>
    <database>Unknown</database>
  </source>
  <size>
    <width>1584</width>
    <height>2392</height>
    <depth>1</depth>
  </size>
  <segmented>0</segmented>
  <object>
    <name>Low GSM</name>
    <pose>Unspecified</pose>
    <truncated>0</truncated>
    <difficult>0</difficult>
    <bndbox>
      <xmin>793</xmin>
      <ymin>947</ymin>
      <xmax>1117</xmax>
      <ymax>1400</ymax>
    </bndbox>
  </object>
  <object>
    <name>Low GSM</name>
    <pose>Unspecified</pose>
    <truncated>0</truncated>
    <difficult>0</difficult>
    <bndbox>
      <xmin>317</xmin>
      <ymin>1105</ymin>
      <xmax>642</xmax>
      <ymax>1491</ymax>
    </bndbox>
  </object>
  <object>
    <name>Low GSM</name>
    <pose>Unspecified</pose>
    <truncated>0</truncated>
    <difficult>0</difficult>
    <bndbox>
      <xmin>512</xmin>
      <ymin>588</ymin>
      <xmax>751</xmax>
      <ymax>1000</ymax>
    </bndbox>
  </object>
  <object>
    <name>Low GSM</name>
    <pose>Unspecified</pose>
    <truncated>0</truncated>
    <difficult>0</difficult>
    <bndbox>
      <xmin>578</xmin>
      <ymin>1720</ymin>
      <xmax>805</xmax>
      <ymax>2120</ymax>
    </bndbox>
  </object>
</annotation>
