<annotation>
  <folder>to_annotate</folder>
  <filename>deisolated_yorika_IMG_20210603_134657</filename>
  <path>G:\Git\Lazuli-Cross\app\data\facemask\to_annotate\deisolated_yorika_IMG_20210603_134657.jpg</path>
  <source>
    <database>Unknown</database>
  </source>
  <size>
    <width>2400</width>
    <height>4160</height>
    <depth>1</depth>
  </size>
  <segmented>0</segmented>
  <object>
    <name>Low GSM</name>
    <pose>Unspecified</pose>
    <truncated>0</truncated>
    <difficult>0</difficult>
    <bndbox>
      <xmin>584</xmin>
      <ymin>384</ymin>
      <xmax>1906</xmax>
      <ymax>3614</ymax>
    </bndbox>
  </object>
  <object>
    <name>Undefined Area</name>
    <pose>Unspecified</pose>
    <truncated>0</truncated>
    <difficult>0</difficult>
    <bndbox>
      <xmin>1419</xmin>
      <ymin>6</ymin>
      <xmax>2400</xmax>
      <ymax>323</ymax>
    </bndbox>
  </object>
</annotation>
