<annotation>
  <folder>to_annotate</folder>
  <filename>deisolated_julian_IMG_20210604_164339</filename>
  <path>G:\Git\Lazuli-Cross\app\data\facemask\to_annotate\deisolated_julian_IMG_20210604_164339.jpg</path>
  <source>
    <database>Unknown</database>
  </source>
  <size>
    <width>1608</width>
    <height>2896</height>
    <depth>1</depth>
  </size>
  <segmented>0</segmented>
  <object>
    <name>Low GSM</name>
    <pose>Unspecified</pose>
    <truncated>0</truncated>
    <difficult>0</difficult>
    <bndbox>
      <xmin>450</xmin>
      <ymin>296</ymin>
      <xmax>1375</xmax>
      <ymax>2520</ymax>
    </bndbox>
  </object>
</annotation>
