<annotation>
  <folder>to_annotate</folder>
  <filename>deisolated_yorika_IMG_20210604_131636</filename>
  <path>G:\Git\Lazuli-Cross\app\data\facemask\to_annotate\deisolated_yorika_IMG_20210604_131636.jpg</path>
  <source>
    <database>Unknown</database>
  </source>
  <size>
    <width>2432</width>
    <height>4320</height>
    <depth>1</depth>
  </size>
  <segmented>0</segmented>
  <object>
    <name>Low GSM</name>
    <pose>Unspecified</pose>
    <truncated>0</truncated>
    <difficult>0</difficult>
    <bndbox>
      <xmin>486</xmin>
      <ymin>446</ymin>
      <xmax>1963</xmax>
      <ymax>3873</ymax>
    </bndbox>
  </object>
</annotation>
