<annotation>
  <folder>to_annotate</folder>
  <filename>deisolated_clyde_IMG_2659</filename>
  <path>G:\Git\Lazuli-Cross\app\data\facemask\to_annotate\deisolated_clyde_IMG_2659.jpg</path>
  <source>
    <database>Unknown</database>
  </source>
  <size>
    <width>3468</width>
    <height>3024</height>
    <depth>1</depth>
  </size>
  <segmented>0</segmented>
  <object>
    <name>Undefined Area</name>
    <pose>Unspecified</pose>
    <truncated>0</truncated>
    <difficult>0</difficult>
    <bndbox>
      <xmin>251</xmin>
      <ymin>83</ymin>
      <xmax>829</xmax>
      <ymax>718</ymax>
    </bndbox>
  </object>
  <object>
    <name>High GSM</name>
    <pose>Unspecified</pose>
    <truncated>0</truncated>
    <difficult>0</difficult>
    <bndbox>
      <xmin>1285</xmin>
      <ymin>671</ymin>
      <xmax>1626</xmax>
      <ymax>940</ymax>
    </bndbox>
  </object>
  <object>
    <name>High GSM</name>
    <pose>Unspecified</pose>
    <truncated>0</truncated>
    <difficult>0</difficult>
    <bndbox>
      <xmin>2351</xmin>
      <ymin>677</ymin>
      <xmax>2641</xmax>
      <ymax>1102</ymax>
    </bndbox>
  </object>
  <object>
    <name>High GSM</name>
    <pose>Unspecified</pose>
    <truncated>0</truncated>
    <difficult>0</difficult>
    <bndbox>
      <xmin>1669</xmin>
      <ymin>862</ymin>
      <xmax>2010</xmax>
      <ymax>1246</ymax>
    </bndbox>
  </object>
  <object>
    <name>High GSM</name>
    <pose>Unspecified</pose>
    <truncated>0</truncated>
    <difficult>0</difficult>
    <bndbox>
      <xmin>1257</xmin>
      <ymin>1252</ymin>
      <xmax>1591</xmax>
      <ymax>1599</ymax>
    </bndbox>
  </object>
</annotation>
