<annotation>
  <folder>to_annotate</folder>
  <filename>deisolated_sean_IMG_20210604_105109</filename>
  <path>G:\Git\Lazuli-Cross\app\data\facemask\to_annotate\deisolated_sean_IMG_20210604_105109.jpg</path>
  <source>
    <database>Unknown</database>
  </source>
  <size>
    <width>1536</width>
    <height>4144</height>
    <depth>1</depth>
  </size>
  <segmented>0</segmented>
  <object>
    <name>High GSM</name>
    <pose>Unspecified</pose>
    <truncated>0</truncated>
    <difficult>0</difficult>
    <bndbox>
      <xmin>304</xmin>
      <ymin>324</ymin>
      <xmax>1291</xmax>
      <ymax>3758</ymax>
    </bndbox>
  </object>
</annotation>
