<annotation>
  <folder>to_annotate</folder>
  <filename>deisolated_clyde_IMG_2673</filename>
  <path>G:\Git\Lazuli-Cross\app\data\facemask\to_annotate\deisolated_clyde_IMG_2673.jpg</path>
  <source>
    <database>Unknown</database>
  </source>
  <size>
    <width>3348</width>
    <height>3024</height>
    <depth>1</depth>
  </size>
  <segmented>0</segmented>
  <object>
    <name>High GSM</name>
    <pose>Unspecified</pose>
    <truncated>0</truncated>
    <difficult>0</difficult>
    <bndbox>
      <xmin>399</xmin>
      <ymin>615</ymin>
      <xmax>2879</xmax>
      <ymax>3024</ymax>
    </bndbox>
  </object>
</annotation>
