<annotation>
  <folder>to_annotate</folder>
  <filename>deisolated_yorika_IMG_20210604_131646</filename>
  <path>G:\Git\Lazuli-Cross\app\data\facemask\to_annotate\deisolated_yorika_IMG_20210604_131646.jpg</path>
  <source>
    <database>Unknown</database>
  </source>
  <size>
    <width>3328</width>
    <height>5968</height>
    <depth>1</depth>
  </size>
  <segmented>0</segmented>
  <object>
    <name>Low GSM</name>
    <pose>Unspecified</pose>
    <truncated>0</truncated>
    <difficult>0</difficult>
    <bndbox>
      <xmin>729</xmin>
      <ymin>784</ymin>
      <xmax>2754</xmax>
      <ymax>5346</ymax>
    </bndbox>
  </object>
</annotation>
