<annotation>
  <folder>to_annotate</folder>
  <filename>deisolated_yorika_IMG_20210603_134926</filename>
  <path>G:\Git\Lazuli-Cross\app\data\facemask\to_annotate\deisolated_yorika_IMG_20210603_134926.jpg</path>
  <source>
    <database>Unknown</database>
  </source>
  <size>
    <width>2400</width>
    <height>3525</height>
    <depth>1</depth>
  </size>
  <segmented>0</segmented>
  <object>
    <name>Low GSM</name>
    <pose>Unspecified</pose>
    <truncated>0</truncated>
    <difficult>0</difficult>
    <bndbox>
      <xmin>590</xmin>
      <ymin>718</ymin>
      <xmax>1687</xmax>
      <ymax>3029</ymax>
    </bndbox>
  </object>
</annotation>
