<annotation>
  <folder>to_annotate</folder>
  <filename>deisolated_clyde_IMG_2665</filename>
  <path>G:\Git\Lazuli-Cross\app\data\facemask\to_annotate\deisolated_clyde_IMG_2665.jpg</path>
  <source>
    <database>Unknown</database>
  </source>
  <size>
    <width>3636</width>
    <height>3024</height>
    <depth>1</depth>
  </size>
  <segmented>0</segmented>
  <object>
    <name>Undefined Area</name>
    <pose>Unspecified</pose>
    <truncated>0</truncated>
    <difficult>0</difficult>
    <bndbox>
      <xmin>1</xmin>
      <ymin>5</ymin>
      <xmax>1313</xmax>
      <ymax>1683</ymax>
    </bndbox>
  </object>
  <object>
    <name>High GSM</name>
    <pose>Unspecified</pose>
    <truncated>0</truncated>
    <difficult>0</difficult>
    <bndbox>
      <xmin>466</xmin>
      <ymin>1865</ymin>
      <xmax>3100</xmax>
      <ymax>2993</ymax>
    </bndbox>
  </object>
  <object>
    <name>High GSM</name>
    <pose>Unspecified</pose>
    <truncated>0</truncated>
    <difficult>0</difficult>
    <bndbox>
      <xmin>1407</xmin>
      <ymin>2</ymin>
      <xmax>3153</xmax>
      <ymax>1840</ymax>
    </bndbox>
  </object>
</annotation>
