<annotation>
  <folder>to_annotate</folder>
  <filename>deisolated_clyde_IMG_2676</filename>
  <path>G:\Git\Lazuli-Cross\app\data\facemask\to_annotate\deisolated_clyde_IMG_2676.jpg</path>
  <source>
    <database>Unknown</database>
  </source>
  <size>
    <width>3288</width>
    <height>2544</height>
    <depth>1</depth>
  </size>
  <segmented>0</segmented>
  <object>
    <name>High GSM</name>
    <pose>Unspecified</pose>
    <truncated>0</truncated>
    <difficult>0</difficult>
    <bndbox>
      <xmin>515</xmin>
      <ymin>1</ymin>
      <xmax>2613</xmax>
      <ymax>2040</ymax>
    </bndbox>
  </object>
</annotation>
