<annotation>
  <folder>to_annotate</folder>
  <filename>deisolated_julian_IMG_20210604_164409</filename>
  <path>G:\Git\Lazuli-Cross\app\data\facemask\to_annotate\deisolated_julian_IMG_20210604_164409.jpg</path>
  <source>
    <database>Unknown</database>
  </source>
  <size>
    <width>2028</width>
    <height>3304</height>
    <depth>1</depth>
  </size>
  <segmented>0</segmented>
  <object>
    <name>Low GSM</name>
    <pose>Unspecified</pose>
    <truncated>0</truncated>
    <difficult>0</difficult>
    <bndbox>
      <xmin>684</xmin>
      <ymin>403</ymin>
      <xmax>1415</xmax>
      <ymax>2993</ymax>
    </bndbox>
  </object>
</annotation>
