<annotation>
  <folder>to_annotate</folder>
  <filename>deisolated_yorika_IMG_20210603_135058</filename>
  <path>G:\Git\Lazuli-Cross\app\data\facemask\to_annotate\deisolated_yorika_IMG_20210603_135058.jpg</path>
  <source>
    <database>Unknown</database>
  </source>
  <size>
    <width>2412</width>
    <height>4340</height>
    <depth>1</depth>
  </size>
  <segmented>0</segmented>
  <object>
    <name>Low GSM</name>
    <pose>Unspecified</pose>
    <truncated>0</truncated>
    <difficult>0</difficult>
    <bndbox>
      <xmin>344</xmin>
      <ymin>592</ymin>
      <xmax>1949</xmax>
      <ymax>3888</ymax>
    </bndbox>
  </object>
  <object>
    <name>Undefined Area</name>
    <pose>Unspecified</pose>
    <truncated>0</truncated>
    <difficult>0</difficult>
    <bndbox>
      <xmin>1535</xmin>
      <ymin>1</ymin>
      <xmax>2303</xmax>
      <ymax>510</ymax>
    </bndbox>
  </object>
</annotation>
