<annotation>
  <folder>to_annotate</folder>
  <filename>deisolated_clyde_IMG_2664</filename>
  <path>G:\Git\Lazuli-Cross\app\data\facemask\to_annotate\deisolated_clyde_IMG_2664.jpg</path>
  <source>
    <database>Unknown</database>
  </source>
  <size>
    <width>3636</width>
    <height>3024</height>
    <depth>1</depth>
  </size>
  <segmented>0</segmented>
  <object>
    <name>Undefined Area</name>
    <pose>Unspecified</pose>
    <truncated>0</truncated>
    <difficult>0</difficult>
    <bndbox>
      <xmin>135</xmin>
      <ymin>12</ymin>
      <xmax>1288</xmax>
      <ymax>1446</ymax>
    </bndbox>
  </object>
  <object>
    <name>High GSM</name>
    <pose>Unspecified</pose>
    <truncated>0</truncated>
    <difficult>0</difficult>
    <bndbox>
      <xmin>1363</xmin>
      <ymin>12</ymin>
      <xmax>3138</xmax>
      <ymax>3012</ymax>
    </bndbox>
  </object>
</annotation>
