<annotation>
  <folder>to_annotate</folder>
  <filename>deisolated_sean_IMG_20210604_104733</filename>
  <path>G:\Git\Lazuli-Cross\app\data\facemask\to_annotate\deisolated_sean_IMG_20210604_104733.jpg</path>
  <source>
    <database>Unknown</database>
  </source>
  <size>
    <width>1920</width>
    <height>4144</height>
    <depth>1</depth>
  </size>
  <segmented>0</segmented>
  <object>
    <name>High GSM</name>
    <pose>Unspecified</pose>
    <truncated>0</truncated>
    <difficult>0</difficult>
    <bndbox>
      <xmin>357</xmin>
      <ymin>1385</ymin>
      <xmax>1657</xmax>
      <ymax>2724</ymax>
    </bndbox>
  </object>
</annotation>
