<annotation>
  <folder>to_annotate</folder>
  <filename>deisolated_yorika_IMG_20210604_131759</filename>
  <path>G:\Git\Lazuli-Cross\app\data\facemask\to_annotate\deisolated_yorika_IMG_20210604_131759.jpg</path>
  <source>
    <database>Unknown</database>
  </source>
  <size>
    <width>3440</width>
    <height>2896</height>
    <depth>1</depth>
  </size>
  <segmented>0</segmented>
  <object>
    <name>Low GSM</name>
    <pose>Unspecified</pose>
    <truncated>0</truncated>
    <difficult>0</difficult>
    <bndbox>
      <xmin>800</xmin>
      <ymin>1405</ymin>
      <xmax>2863</xmax>
      <ymax>2569</ymax>
    </bndbox>
  </object>
</annotation>
