<annotation>
  <folder>to_annotate</folder>
  <filename>deisolated_clyde_IMG_2685</filename>
  <path>G:\Git\Lazuli-Cross\app\data\facemask\to_annotate\deisolated_clyde_IMG_2685.jpg</path>
  <source>
    <database>Unknown</database>
  </source>
  <size>
    <width>3684</width>
    <height>3024</height>
    <depth>1</depth>
  </size>
  <segmented>0</segmented>
  <object>
    <name>High GSM</name>
    <pose>Unspecified</pose>
    <truncated>0</truncated>
    <difficult>0</difficult>
    <bndbox>
      <xmin>1871</xmin>
      <ymin>1562</ymin>
      <xmax>3343</xmax>
      <ymax>1868</ymax>
    </bndbox>
  </object>
  <object>
    <name>High GSM</name>
    <pose>Unspecified</pose>
    <truncated>0</truncated>
    <difficult>0</difficult>
    <bndbox>
      <xmin>674</xmin>
      <ymin>277</ymin>
      <xmax>1252</xmax>
      <ymax>1518</ymax>
    </bndbox>
  </object>
  <object>
    <name>High GSM</name>
    <pose>Unspecified</pose>
    <truncated>0</truncated>
    <difficult>0</difficult>
    <bndbox>
      <xmin>1337</xmin>
      <ymin>646</ymin>
      <xmax>2131</xmax>
      <ymax>1477</ymax>
    </bndbox>
  </object>
</annotation>
