<annotation>
  <folder>to_annotate</folder>
  <filename>deisolated_clyde_IMG_2677</filename>
  <path>G:\Git\Lazuli-Cross\app\data\facemask\to_annotate\deisolated_clyde_IMG_2677.jpg</path>
  <source>
    <database>Unknown</database>
  </source>
  <size>
    <width>3108</width>
    <height>2112</height>
    <depth>1</depth>
  </size>
  <segmented>0</segmented>
  <object>
    <name>High GSM</name>
    <pose>Unspecified</pose>
    <truncated>0</truncated>
    <difficult>0</difficult>
    <bndbox>
      <xmin>304</xmin>
      <ymin>558</ymin>
      <xmax>999</xmax>
      <ymax>1049</ymax>
    </bndbox>
  </object>
  <object>
    <name>High GSM</name>
    <pose>Unspecified</pose>
    <truncated>0</truncated>
    <difficult>0</difficult>
    <bndbox>
      <xmin>1088</xmin>
      <ymin>560</ymin>
      <xmax>2833</xmax>
      <ymax>1340</ymax>
    </bndbox>
  </object>
  <object>
    <name>High GSM</name>
    <pose>Unspecified</pose>
    <truncated>0</truncated>
    <difficult>0</difficult>
    <bndbox>
      <xmin>979</xmin>
      <ymin>1467</ymin>
      <xmax>1826</xmax>
      <ymax>1924</ymax>
    </bndbox>
  </object>
</annotation>
