<annotation>
  <folder>to_annotate</folder>
  <filename>deisolated_clyde_IMG_2660</filename>
  <path>G:\Git\Lazuli-Cross\app\data\facemask\to_annotate\deisolated_clyde_IMG_2660.jpg</path>
  <source>
    <database>Unknown</database>
  </source>
  <size>
    <width>1848</width>
    <height>3024</height>
    <depth>1</depth>
  </size>
  <segmented>0</segmented>
  <object>
    <name>High GSM</name>
    <pose>Unspecified</pose>
    <truncated>0</truncated>
    <difficult>0</difficult>
    <bndbox>
      <xmin>719</xmin>
      <ymin>877</ymin>
      <xmax>913</xmax>
      <ymax>1383</ymax>
    </bndbox>
  </object>
  <object>
    <name>High GSM</name>
    <pose>Unspecified</pose>
    <truncated>0</truncated>
    <difficult>0</difficult>
    <bndbox>
      <xmin>231</xmin>
      <ymin>887</ymin>
      <xmax>381</xmax>
      <ymax>1246</ymax>
    </bndbox>
  </object>
  <object>
    <name>High GSM</name>
    <pose>Unspecified</pose>
    <truncated>0</truncated>
    <difficult>0</difficult>
    <bndbox>
      <xmin>241</xmin>
      <ymin>2240</ymin>
      <xmax>469</xmax>
      <ymax>2540</ymax>
    </bndbox>
  </object>
  <object>
    <name>High GSM</name>
    <pose>Unspecified</pose>
    <truncated>0</truncated>
    <difficult>0</difficult>
    <bndbox>
      <xmin>1284</xmin>
      <ymin>149</ymin>
      <xmax>1572</xmax>
      <ymax>577</ymax>
    </bndbox>
  </object>
</annotation>
