<annotation>
  <folder>to_annotate</folder>
  <filename>deisolated_sean_IMG_20210604_104058</filename>
  <path>G:\Git\Lazuli-Cross\app\data\facemask\to_annotate\deisolated_sean_IMG_20210604_104058.jpg</path>
  <source>
    <database>Unknown</database>
  </source>
  <size>
    <width>816</width>
    <height>632</height>
    <depth>1</depth>
  </size>
  <segmented>0</segmented>
  <object>
    <name>High GSM</name>
    <pose>Unspecified</pose>
    <truncated>0</truncated>
    <difficult>0</difficult>
    <bndbox>
      <xmin>166</xmin>
      <ymin>26</ymin>
      <xmax>625</xmax>
      <ymax>292</ymax>
    </bndbox>
  </object>
</annotation>
