<annotation>
  <folder>to_annotate</folder>
  <filename>deisolated_sean_IMG_20210604_104712</filename>
  <path>G:\Git\Lazuli-Cross\app\data\facemask\to_annotate\deisolated_sean_IMG_20210604_104712.jpg</path>
  <source>
    <database>Unknown</database>
  </source>
  <size>
    <width>3316</width>
    <height>1836</height>
    <depth>1</depth>
  </size>
  <segmented>0</segmented>
  <object>
    <name>High GSM</name>
    <pose>Unspecified</pose>
    <truncated>0</truncated>
    <difficult>0</difficult>
    <bndbox>
      <xmin>684</xmin>
      <ymin>389</ymin>
      <xmax>3051</xmax>
      <ymax>1543</ymax>
    </bndbox>
  </object>
</annotation>
