<annotation>
  <folder>to_annotate</folder>
  <filename>deisolated_clyde_IMG_2667</filename>
  <path>G:\Git\Lazuli-Cross\app\data\facemask\to_annotate\deisolated_clyde_IMG_2667.jpg</path>
  <source>
    <database>Unknown</database>
  </source>
  <size>
    <width>3828</width>
    <height>2100</height>
    <depth>1</depth>
  </size>
  <segmented>0</segmented>
  <object>
    <name>High GSM</name>
    <pose>Unspecified</pose>
    <truncated>0</truncated>
    <difficult>0</difficult>
    <bndbox>
      <xmin>393</xmin>
      <ymin>286</ymin>
      <xmax>3483</xmax>
      <ymax>1730</ymax>
    </bndbox>
  </object>
</annotation>
