<annotation>
  <folder>to_annotate</folder>
  <filename>deisolated_julian_IMG_20210604_163959</filename>
  <path>G:\Git\Lazuli-Cross\app\data\facemask\to_annotate\deisolated_julian_IMG_20210604_163959.jpg</path>
  <source>
    <database>Unknown</database>
  </source>
  <size>
    <width>1884</width>
    <height>1517</height>
    <depth>1</depth>
  </size>
  <segmented>0</segmented>
  <object>
    <name>Low GSM</name>
    <pose>Unspecified</pose>
    <truncated>0</truncated>
    <difficult>0</difficult>
    <bndbox>
      <xmin>992</xmin>
      <ymin>721</ymin>
      <xmax>1338</xmax>
      <ymax>1444</ymax>
    </bndbox>
  </object>
</annotation>
