<annotation>
  <folder>to_annotate</folder>
  <filename>deisolated_julian_IMG_20210604_164259</filename>
  <path>G:\Git\Lazuli-Cross\app\data\facemask\to_annotate\deisolated_julian_IMG_20210604_164259.jpg</path>
  <source>
    <database>Unknown</database>
  </source>
  <size>
    <width>1332</width>
    <height>2333</height>
    <depth>1</depth>
  </size>
  <segmented>0</segmented>
  <object>
    <name>Low GSM</name>
    <pose>Unspecified</pose>
    <truncated>0</truncated>
    <difficult>0</difficult>
    <bndbox>
      <xmin>193</xmin>
      <ymin>359</ymin>
      <xmax>1033</xmax>
      <ymax>1997</ymax>
    </bndbox>
  </object>
</annotation>
