<annotation>
  <folder>to_annotate</folder>
  <filename>deisolated_julian_IMG_20210604_163951</filename>
  <path>G:\Git\Lazuli-Cross\app\data\facemask\to_annotate\deisolated_julian_IMG_20210604_163951.jpg</path>
  <source>
    <database>Unknown</database>
  </source>
  <size>
    <width>1980</width>
    <height>2008</height>
    <depth>1</depth>
  </size>
  <segmented>0</segmented>
  <object>
    <name>Low GSM</name>
    <pose>Unspecified</pose>
    <truncated>0</truncated>
    <difficult>0</difficult>
    <bndbox>
      <xmin>1268</xmin>
      <ymin>430</ymin>
      <xmax>1686</xmax>
      <ymax>830</ymax>
    </bndbox>
  </object>
  <object>
    <name>Low GSM</name>
    <pose>Unspecified</pose>
    <truncated>0</truncated>
    <difficult>0</difficult>
    <bndbox>
      <xmin>1007</xmin>
      <ymin>785</ymin>
      <xmax>1542</xmax>
      <ymax>1540</ymax>
    </bndbox>
  </object>
  <object>
    <name>Low GSM</name>
    <pose>Unspecified</pose>
    <truncated>0</truncated>
    <difficult>0</difficult>
    <bndbox>
      <xmin>733</xmin>
      <ymin>228</ymin>
      <xmax>1217</xmax>
      <ymax>752</ymax>
    </bndbox>
  </object>
</annotation>
