<annotation>
  <folder>to_annotate</folder>
  <filename>deisolated_yorika_IMG_20210603_135007</filename>
  <path>G:\Git\Lazuli-Cross\app\data\facemask\to_annotate\deisolated_yorika_IMG_20210603_135007.jpg</path>
  <source>
    <database>Unknown</database>
  </source>
  <size>
    <width>2004</width>
    <height>3045</height>
    <depth>1</depth>
  </size>
  <segmented>0</segmented>
  <object>
    <name>Low GSM</name>
    <pose>Unspecified</pose>
    <truncated>0</truncated>
    <difficult>0</difficult>
    <bndbox>
      <xmin>334</xmin>
      <ymin>560</ymin>
      <xmax>1447</xmax>
      <ymax>2644</ymax>
    </bndbox>
  </object>
  <object>
    <name>Undefined Area</name>
    <pose>Unspecified</pose>
    <truncated>0</truncated>
    <difficult>0</difficult>
    <bndbox>
      <xmin>619</xmin>
      <ymin>3</ymin>
      <xmax>1528</xmax>
      <ymax>506</ymax>
    </bndbox>
  </object>
</annotation>
