<annotation>
  <folder>to_annotate</folder>
  <filename>deisolated_yorika_IMG_20210603_134615</filename>
  <path>G:\Git\Lazuli-Cross\app\data\facemask\to_annotate\deisolated_yorika_IMG_20210603_134615.jpg</path>
  <source>
    <database>Unknown</database>
  </source>
  <size>
    <width>2460</width>
    <height>4412</height>
    <depth>1</depth>
  </size>
  <segmented>0</segmented>
  <object>
    <name>Low GSM</name>
    <pose>Unspecified</pose>
    <truncated>0</truncated>
    <difficult>0</difficult>
    <bndbox>
      <xmin>373</xmin>
      <ymin>487</ymin>
      <xmax>1964</xmax>
      <ymax>3933</ymax>
    </bndbox>
  </object>
  <object>
    <name>Undefined Area</name>
    <pose>Unspecified</pose>
    <truncated>0</truncated>
    <difficult>0</difficult>
    <bndbox>
      <xmin>1789</xmin>
      <ymin>1</ymin>
      <xmax>2450</xmax>
      <ymax>428</ymax>
    </bndbox>
  </object>
</annotation>
