<annotation>
  <folder>to_annotate</folder>
  <filename>deisolated_yorika_IMG_20210604_131740</filename>
  <path>G:\Git\Lazuli-Cross\app\data\facemask\to_annotate\deisolated_yorika_IMG_20210604_131740.jpg</path>
  <source>
    <database>Unknown</database>
  </source>
  <size>
    <width>3424</width>
    <height>6000</height>
    <depth>1</depth>
  </size>
  <segmented>0</segmented>
  <object>
    <name>Low GSM</name>
    <pose>Unspecified</pose>
    <truncated>0</truncated>
    <difficult>0</difficult>
    <bndbox>
      <xmin>871</xmin>
      <ymin>1450</ymin>
      <xmax>2552</xmax>
      <ymax>4593</ymax>
    </bndbox>
  </object>
</annotation>
