<annotation>
  <folder>to_annotate</folder>
  <filename>deisolated_julian_IMG_20210604_164413</filename>
  <path>G:\Git\Lazuli-Cross\app\data\facemask\to_annotate\deisolated_julian_IMG_20210604_164413.jpg</path>
  <source>
    <database>Unknown</database>
  </source>
  <size>
    <width>2136</width>
    <height>3508</height>
    <depth>1</depth>
  </size>
  <segmented>0</segmented>
  <object>
    <name>Low GSM</name>
    <pose>Unspecified</pose>
    <truncated>0</truncated>
    <difficult>0</difficult>
    <bndbox>
      <xmin>834</xmin>
      <ymin>454</ymin>
      <xmax>1455</xmax>
      <ymax>3196</ymax>
    </bndbox>
  </object>
</annotation>
