<annotation>
  <folder>to_annotate</folder>
  <filename>deisolated_clyde_IMG_2675</filename>
  <path>G:\Git\Lazuli-Cross\app\data\facemask\to_annotate\deisolated_clyde_IMG_2675.jpg</path>
  <source>
    <database>Unknown</database>
  </source>
  <size>
    <width>3636</width>
    <height>1956</height>
    <depth>1</depth>
  </size>
  <segmented>0</segmented>
  <object>
    <name>High GSM</name>
    <pose>Unspecified</pose>
    <truncated>0</truncated>
    <difficult>0</difficult>
    <bndbox>
      <xmin>491</xmin>
      <ymin>317</ymin>
      <xmax>3170</xmax>
      <ymax>1554</ymax>
    </bndbox>
  </object>
</annotation>
