<annotation>
  <folder>to_annotate</folder>
  <filename>deisolated_clyde_IMG_2682</filename>
  <path>G:\Git\Lazuli-Cross\app\data\facemask\to_annotate\deisolated_clyde_IMG_2682.jpg</path>
  <source>
    <database>Unknown</database>
  </source>
  <size>
    <width>2016</width>
    <height>2192</height>
    <depth>1</depth>
  </size>
  <segmented>0</segmented>
  <object>
    <name>High GSM</name>
    <pose>Unspecified</pose>
    <truncated>0</truncated>
    <difficult>0</difficult>
    <bndbox>
      <xmin>1225</xmin>
      <ymin>732</ymin>
      <xmax>1734</xmax>
      <ymax>1325</ymax>
    </bndbox>
  </object>
  <object>
    <name>High GSM</name>
    <pose>Unspecified</pose>
    <truncated>0</truncated>
    <difficult>0</difficult>
    <bndbox>
      <xmin>859</xmin>
      <ymin>202</ymin>
      <xmax>947</xmax>
      <ymax>596</ymax>
    </bndbox>
  </object>
  <object>
    <name>High GSM</name>
    <pose>Unspecified</pose>
    <truncated>0</truncated>
    <difficult>0</difficult>
    <bndbox>
      <xmin>761</xmin>
      <ymin>1252</ymin>
      <xmax>1000</xmax>
      <ymax>1600</ymax>
    </bndbox>
  </object>
  <object>
    <name>High GSM</name>
    <pose>Unspecified</pose>
    <truncated>0</truncated>
    <difficult>0</difficult>
    <bndbox>
      <xmin>1122</xmin>
      <ymin>302</ymin>
      <xmax>1334</xmax>
      <ymax>566</ymax>
    </bndbox>
  </object>
</annotation>
