<annotation>
  <folder>to_annotate</folder>
  <filename>deisolated_yorika_IMG_20210604_131819</filename>
  <path>G:\Git\Lazuli-Cross\app\data\facemask\to_annotate\deisolated_yorika_IMG_20210604_131819.jpg</path>
  <source>
    <database>Unknown</database>
  </source>
  <size>
    <width>3952</width>
    <height>3920</height>
    <depth>1</depth>
  </size>
  <segmented>0</segmented>
  <object>
    <name>Low GSM</name>
    <pose>Unspecified</pose>
    <truncated>0</truncated>
    <difficult>0</difficult>
    <bndbox>
      <xmin>522</xmin>
      <ymin>116</ymin>
      <xmax>3046</xmax>
      <ymax>3000</ymax>
    </bndbox>
  </object>
</annotation>
