<annotation>
  <folder>to_annotate</folder>
  <filename>deisolated_julian_IMG_20210604_164334</filename>
  <path>G:\Git\Lazuli-Cross\app\data\facemask\to_annotate\deisolated_julian_IMG_20210604_164334.jpg</path>
  <source>
    <database>Unknown</database>
  </source>
  <size>
    <width>1380</width>
    <height>2441</height>
    <depth>1</depth>
  </size>
  <segmented>0</segmented>
  <object>
    <name>Low GSM</name>
    <pose>Unspecified</pose>
    <truncated>0</truncated>
    <difficult>0</difficult>
    <bndbox>
      <xmin>286</xmin>
      <ymin>320</ymin>
      <xmax>1183</xmax>
      <ymax>2135</ymax>
    </bndbox>
  </object>
</annotation>
