<annotation>
  <folder>to_annotate</folder>
  <filename>deisolated_clyde_IMG_2658</filename>
  <path>G:\Git\Lazuli-Cross\app\data\facemask\to_annotate\deisolated_clyde_IMG_2658.jpg</path>
  <source>
    <database>Unknown</database>
  </source>
  <size>
    <width>3840</width>
    <height>3024</height>
    <depth>1</depth>
  </size>
  <segmented>0</segmented>
  <object>
    <name>High GSM</name>
    <pose>Unspecified</pose>
    <truncated>0</truncated>
    <difficult>0</difficult>
    <bndbox>
      <xmin>1827</xmin>
      <ymin>102</ymin>
      <xmax>2380</xmax>
      <ymax>552</ymax>
    </bndbox>
  </object>
  <object>
    <name>High GSM</name>
    <pose>Unspecified</pose>
    <truncated>0</truncated>
    <difficult>0</difficult>
    <bndbox>
      <xmin>1477</xmin>
      <ymin>465</ymin>
      <xmax>1987</xmax>
      <ymax>883</ymax>
    </bndbox>
  </object>
  <object>
    <name>High GSM</name>
    <pose>Unspecified</pose>
    <truncated>0</truncated>
    <difficult>0</difficult>
    <bndbox>
      <xmin>2309</xmin>
      <ymin>1</ymin>
      <xmax>2712</xmax>
      <ymax>318</ymax>
    </bndbox>
  </object>
  <object>
    <name>High GSM</name>
    <pose>Unspecified</pose>
    <truncated>0</truncated>
    <difficult>0</difficult>
    <bndbox>
      <xmin>1443</xmin>
      <ymin>5</ymin>
      <xmax>1874</xmax>
      <ymax>318</ymax>
    </bndbox>
  </object>
  <object>
    <name>Undefined Area</name>
    <pose>Unspecified</pose>
    <truncated>0</truncated>
    <difficult>0</difficult>
    <bndbox>
      <xmin>374</xmin>
      <ymin>1</ymin>
      <xmax>1362</xmax>
      <ymax>2405</ymax>
    </bndbox>
  </object>
  <object>
    <name>High GSM</name>
    <pose>Unspecified</pose>
    <truncated>0</truncated>
    <difficult>0</difficult>
    <bndbox>
      <xmin>1405</xmin>
      <ymin>1996</ymin>
      <xmax>1862</xmax>
      <ymax>2412</ymax>
    </bndbox>
  </object>
</annotation>
