<annotation>
  <folder>to_annotate</folder>
  <filename>deisolated_sean_IMG_20210604_105312</filename>
  <path>G:\Git\Lazuli-Cross\app\data\facemask\to_annotate\deisolated_sean_IMG_20210604_105312.jpg</path>
  <source>
    <database>Unknown</database>
  </source>
  <size>
    <width>1752</width>
    <height>3196</height>
    <depth>1</depth>
  </size>
  <segmented>0</segmented>
  <object>
    <name>High GSM</name>
    <pose>Unspecified</pose>
    <truncated>0</truncated>
    <difficult>0</difficult>
    <bndbox>
      <xmin>234</xmin>
      <ymin>267</ymin>
      <xmax>1414</xmax>
      <ymax>2861</ymax>
    </bndbox>
  </object>
</annotation>
