<annotation>
  <folder>to_annotate</folder>
  <filename>deisolated_clyde_IMG_2662</filename>
  <path>G:\Git\Lazuli-Cross\app\data\facemask\to_annotate\deisolated_clyde_IMG_2662.jpg</path>
  <source>
    <database>Unknown</database>
  </source>
  <size>
    <width>4032</width>
    <height>2424</height>
    <depth>1</depth>
  </size>
  <segmented>0</segmented>
  <object>
    <name>High GSM</name>
    <pose>Unspecified</pose>
    <truncated>0</truncated>
    <difficult>0</difficult>
    <bndbox>
      <xmin>291</xmin>
      <ymin>886</ymin>
      <xmax>3712</xmax>
      <ymax>1724</ymax>
    </bndbox>
  </object>
</annotation>
