<annotation>
  <folder>to_annotate</folder>
  <filename>deisolated_clyde_IMG_2668</filename>
  <path>G:\Git\Lazuli-Cross\app\data\facemask\to_annotate\deisolated_clyde_IMG_2668.jpg</path>
  <source>
    <database>Unknown</database>
  </source>
  <size>
    <width>1740</width>
    <height>2976</height>
    <depth>1</depth>
  </size>
  <segmented>0</segmented>
  <object>
    <name>High GSM</name>
    <pose>Unspecified</pose>
    <truncated>0</truncated>
    <difficult>0</difficult>
    <bndbox>
      <xmin>983</xmin>
      <ymin>457</ymin>
      <xmax>1380</xmax>
      <ymax>2615</ymax>
    </bndbox>
  </object>
  <object>
    <name>Undefined Area</name>
    <pose>Unspecified</pose>
    <truncated>0</truncated>
    <difficult>0</difficult>
    <bndbox>
      <xmin>1</xmin>
      <ymin>2034</ymin>
      <xmax>320</xmax>
      <ymax>2891</ymax>
    </bndbox>
  </object>
</annotation>
