<annotation>
  <folder>to_annotate</folder>
  <filename>deisolated_julian_IMG_20210604_163850</filename>
  <path>G:\Git\Lazuli-Cross\app\data\facemask\to_annotate\deisolated_julian_IMG_20210604_163850.jpg</path>
  <source>
    <database>Unknown</database>
  </source>
  <size>
    <width>1488</width>
    <height>2068</height>
    <depth>1</depth>
  </size>
  <segmented>0</segmented>
  <object>
    <name>Low GSM</name>
    <pose>Unspecified</pose>
    <truncated>0</truncated>
    <difficult>0</difficult>
    <bndbox>
      <xmin>381</xmin>
      <ymin>342</ymin>
      <xmax>1100</xmax>
      <ymax>1751</ymax>
    </bndbox>
  </object>
</annotation>
