<annotation>
  <folder>to_annotate</folder>
  <filename>deisolated_sean_IMG_20210604_104834</filename>
  <path>G:\Git\Lazuli-Cross\app\data\facemask\to_annotate\deisolated_sean_IMG_20210604_104834.jpg</path>
  <source>
    <database>Unknown</database>
  </source>
  <size>
    <width>1668</width>
    <height>3508</height>
    <depth>1</depth>
  </size>
  <segmented>0</segmented>
  <object>
    <name>High GSM</name>
    <pose>Unspecified</pose>
    <truncated>0</truncated>
    <difficult>0</difficult>
    <bndbox>
      <xmin>510</xmin>
      <ymin>418</ymin>
      <xmax>1353</xmax>
      <ymax>2829</ymax>
    </bndbox>
  </object>
</annotation>
