<annotation>
  <folder>to_annotate</folder>
  <filename>deisolated_yorika_IMG_20210604_131150</filename>
  <path>G:\Git\Lazuli-Cross\app\data\facemask\to_annotate\deisolated_yorika_IMG_20210604_131150.jpg</path>
  <source>
    <database>Unknown</database>
  </source>
  <size>
    <width>1920</width>
    <height>3454</height>
    <depth>1</depth>
  </size>
  <segmented>0</segmented>
  <object>
    <name>Low GSM</name>
    <pose>Unspecified</pose>
    <truncated>0</truncated>
    <difficult>0</difficult>
    <bndbox>
      <xmin>258</xmin>
      <ymin>323</ymin>
      <xmax>1522</xmax>
      <ymax>3087</ymax>
    </bndbox>
  </object>
  <object>
    <name>Undefined Area</name>
    <pose>Unspecified</pose>
    <truncated>0</truncated>
    <difficult>0</difficult>
    <bndbox>
      <xmin>1565</xmin>
      <ymin>3027</ymin>
      <xmax>1920</xmax>
      <ymax>3448</ymax>
    </bndbox>
  </object>
</annotation>
